,Sub name,Model Score,Model Alpha,Model Beta
0,1129_5,32.91419093426441,0.5,0.2
1,1120_2,46.73638110906204,0.15000000000000002,0.6000000000000001
2,1105_3,47.063015514174985,0.1,0.6000000000000001
3,1117_8,47.858504486310935,0.1,0.55
4,1121_3,37.263367848685675,0.5,0.45
5,1116_6,45.975435059896704,0.2,0.6000000000000001
6,1121_14,46.56,0.0,0.4
7,1117_13,38.54849480161546,0.30000000000000004,0.25
8,1206_3,19.24544408363498,0.75,0.0
9,1121_9,40.759059579548136,0.35000000000000003,0.30000000000000004
10,1120_8,35.49933223632453,0.55,0.4
11,1128_5,24.816994935689316,0.7000000000000001,0.15000000000000002
12,1117_2,26.151298668956557,0.65,0.05
13,1115_8,23.54183132647932,0.7000000000000001,0.0
