,Sub name,Model Score,Model Alpha,Model Beta
0,1129_5,28.484619380324943,0.6000000000000001,0.30000000000000004
1,1120_2,47.44047810387402,0.1,0.6000000000000001
2,1105_3,47.54201418364299,0.05,0.6000000000000001
3,1117_8,48.28999999999999,0.0,0.55
4,1121_3,32.16595535953486,0.6000000000000001,0.6000000000000001
5,1116_6,47.58744331086045,0.1,0.6000000000000001
6,1121_14,46.51369565436709,0.05,0.4
7,1117_13,41.53736820059311,0.2,0.30000000000000004
8,1206_3,3.771843763318066,0.9500000000000001,0.1
9,1121_9,39.24340309097297,0.4,0.35000000000000003
10,1120_8,33.92677298886371,0.55,0.55
11,1128_5,5.557441398666362,0.9500000000000001,0.45
12,1117_2,17.774286382578012,0.75,0.15000000000000002
13,1115_8,7.6990416725412985,0.9,0.0
