,Sub name,Model Score,Model Alpha,Model Beta
0,1129_5,28.518180215122232,0.6000000000000001,0.30000000000000004
1,1120_2,47.469519359536534,0.1,0.6000000000000001
2,1105_3,47.5096683470194,0.05,0.6000000000000001
3,1117_8,48.29,0.0,0.55
4,1121_3,31.802487906291315,0.6000000000000001,0.6000000000000001
5,1116_6,47.653440852866076,0.1,0.6000000000000001
6,1121_14,46.522125256721665,0.05,0.4
7,1117_13,41.53548514248939,0.2,0.30000000000000004
8,1206_3,3.7715443248276572,0.9500000000000001,0.0
9,1121_9,39.26951437454669,0.4,0.35000000000000003
10,1120_8,34.13543482655488,0.55,0.55
11,1128_5,5.62163581851105,0.9500000000000001,0.4
12,1117_2,18.01382800647538,0.75,0.15000000000000002
13,1115_8,8.198803157190834,0.9,0.0
